conductor,eddyLosses_W,coreLosses_VA,current_A,GroupCount_rmsResults,iSecAbs_A_RMS,GroupCount_tempTable,bAvgMagnitude_T_RMS,GroupCount_rmsResults_1,hAvgMagnitude_A_m_RMS,GroupCount_tempTable_1,storedEnergy_J_RMS
L1,21616.3657500801,-2.78871122285286-0.000516538933872048i,4500,1,91337812.4702355,1,0.230795130600701,1,2.22132002279699e-16,1,5426.48482202869
L1,21616.3657500801,-2.91351293087654+1.29791713267369e-05i,4600,1,93355799.7674913,1,0.241167148866608,1,3.9568955119382e-17,1,5426.48482202869
L1,21616.3657500801,-3.04198401388438+0.000159448318747993i,4700,1,95350651.1072494,1,0.251769083701551,1,2.28802745011318e-16,1,5426.48482202869
L1,21616.3657500801,-3.17371146578335+6.09005895499449e-05i,4800,1,97383471.5224222,1,0.262591484834354,1,3.85949148189792e-16,1,5426.48482202869
L1,21616.3657500801,-3.30720874037666+0.000740743955354172i,4900,1,99429066.0648363,1,0.273652834815372,1,1.31893859739698e-16,1,5426.48482202869
L1,21616.3657500801,-3.44390238564426+0.000462973711876608i,5000,1,101452467.899182,1,0.284937267479706,1,1.11854188564731e-16,1,5426.48482202869
L1,21616.3657500801,1122123.22832298-23400.4634716954i,4500,1,1.21025320747201e+15,1,2.37722552755869e+15,1,0.00348949737960663,1,5426.48482202869
L1,21616.3657500801,1122644.87391526-23416.3697798915i,4500,1,1.21026472578924e+15,1,2.37727008429342e+15,1,0.00356305456389621,1,5426.48482202869
L1,21616.3657500801,1172551.36477828-24429.6682857659i,4600,1,1.23714718224014e+15,1,2.48405176162947e+15,1,0.00150101297346264,1,5426.48482202869
L1,21616.3657500801,1173057.70023364-24414.2105900242i,4600,1,1.23714217733452e+15,1,2.48403093903285e+15,1,0.00437219562613819,1,5426.48482202869
L1,21616.3657500801,1224079.46962765-25505.9033079251i,4700,1,1.26404102964228e+15,1,2.59322525576143e+15,1,0.00364663520310031,1,5426.48482202869
L1,21616.3657500801,1224645.38545887-25551.417232092i,4700,1,1.26404796062507e+15,1,2.59325293822966e+15,1,0.00291146340173679,1,5426.48482202869
L1,21616.3657500801,1276726.6445401-26638.1296394621i,4800,1,1.29093917992771e+15,1,2.70476454090809e+15,1,0.00102255793596929,1,5426.48482202869
L1,21616.3657500801,1277285.38446393-26611.5871293821i,4800,1,1.29093560886047e+15,1,2.70474878836865e+15,1,0.000184919612880569,1,5426.48482202869
L1,21616.3657500801,1330515.71096933-27757.9533497491i,4900,1,1.31784664578559e+15,1,2.81869218707993e+15,1,0.00114711261557009,1,5426.48482202869
L1,21616.3657500801,1331129.05991929-27752.7041406515i,4900,1,1.31785346213982e+15,1,2.81872052399774e+15,1,0.00954291472593685,1,5426.48482202869
L1,21616.3657500801,1385369.66282912-28880.8761238124i,5000,1,1.34473496045084e+15,1,2.93488637634883e+15,1,0.00100670905522188,1,5426.48482202869
L1,21616.3657500801,1385981.21055482-28928.0294510026i,5000,1,1.34474230575437e+15,1,2.93491758322054e+15,1,0.011790450394985,1,5426.48482202869
L1,21616.3657500801,4188333.28280893-87363.4695595667i,4500,1,2.33803169506779e+15,1,8.8719412100217e+15,1,0.00489739488960423,1,5426.48482202869
L1,21616.3657500801,4189185.85394912-87317.8631541782i,4500,1,2.3380331232917e+15,1,8.87195084896912e+15,1,0.00754674695592984,1,5426.48482202869
L1,21616.3657500801,4376560.94636926-91195.9585188201i,4600,1,2.38999699207642e+15,1,9.27070102284568e+15,1,0.00712938733209282,1,5426.48482202869
L1,21616.3657500801,4377381.47828252-91219.4366634113i,4600,1,2.38996762930769e+15,1,9.27047197629904e+15,1,0.00163328946164015,1,5426.48482202869
L1,21616.3657500801,4568942.49471405-95214.9480972294i,4700,1,2.44194896335912e+15,1,9.67812066789284e+15,1,0.000379019630619138,1,5426.48482202869
L1,21616.3657500801,4570028.59235401-95194.3416658517i,4700,1,2.44198584730617e+15,1,9.6784117234185e+15,1,0.00207310738816155,1,5426.48482202869
L1,21616.3657500801,4765434.69956735-99310.616064989i,4800,1,2.49389417203623e+15,1,1.00942465330019e+16,1,0.0002411036954117,1,5426.48482202869
L1,21616.3657500801,4766486.36626389-99404.3663574299i,4800,1,2.49392699104141e+15,1,1.00945108445443e+16,1,0.0135790584069632,1,5426.48482202869
L1,21616.3657500801,4966112.79547188-103527.389754839i,4900,1,2.54586176713011e+15,1,1.05193160792902e+16,1,0.00411732488689278,1,5426.48482202869
L1,21616.3657500801,4967086.92878518-103459.149618676i,4900,1,2.54588364436325e+15,1,1.05194954472774e+16,1,0.00439584586281211,1,5426.48482202869
L1,21616.3657500801,5170931.95557123-107764.924088684i,5000,1,2.59784125182971e+15,1,1.09532521202617e+16,1,0.00348446913434315,1,5426.48482202869
L1,21616.3657500801,5171932.04899867-108077.022583803i,5000,1,2.59783582763466e+15,1,1.09532048985849e+16,1,0.0639358324519512,1,5426.48482202869
L1,21616.3657500801,8376929.08268757-174586.38509694i,4500,1,3.30646155138906e+15,1,1.77437254177667e+16,1,0.00258333440466815,1,5426.48482202869
L1,21616.3657500801,8377958.61262141-174639.101122206i,4500,1,3.3064783214007e+15,1,1.77439040207858e+16,1,0.00877405836744488,1,5426.48482202869
L1,21616.3657500801,8753468.97954727-182512.638572902i,4600,1,3.37994478563228e+15,1,1.85411670082486e+16,1,0.00492913518412227,1,5426.48482202869
L1,21616.3657500801,8754577.59261887-182272.977950807i,4600,1,3.37994967396694e+15,1,1.85412191914928e+16,1,0.0120489291269929,1,5426.48482202869
L1,21616.3657500801,9138261.47899039-190618.337701452i,4700,1,3.45344721299493e+15,1,1.93563514280769e+16,1,0.0590829746768145,1,5426.48482202869
L1,21616.3657500801,9139144.45265384-190562.603935573i,4700,1,3.45341217384857e+15,1,1.9355957134015e+16,1,0.0060528234899261,1,5426.48482202869
L1,21616.3657500801,9531383.2873277-198796.130165629i,4800,1,3.52692707537895e+15,1,2.01888143493913e+16,1,0.054315012256234,1,5426.48482202869
L1,21616.3657500801,9532403.19213975-198751.467468742i,4800,1,3.52692569144867e+15,1,2.01887969288622e+16,1,0.0223697126665387,1,5426.48482202869
L1,21616.3657500801,9932521.63292807-206969.834164996i,4900,1,3.60039159530204e+15,1,2.10386240343696e+16,1,7.77551373139839e-05,1,5426.48482202869
L1,21616.3657500801,9933640.49959754-206752.206510816i,4900,1,3.60037763414054e+15,1,2.10384592294632e+16,1,0.0570585859211725,1,5426.48482202869
L1,21616.3657500801,10342232.9220753-215615.253174031i,5000,1,3.67387421063161e+15,1,2.1906168264223e+16,1,0.004326567326643,1,5426.48482202869
L1,21616.3657500801,10343280.2844932-215543.891369771i,5000,1,3.67386326293248e+15,1,2.19060359980541e+16,1,0.000142913619426497,1,5426.48482202869
L1,21616.3657500801,12565641.4841124-262085.83109172i,4500,1,4.04956810979431e+15,1,2.66155388182896e+16,1,0.0471850330940176,1,5426.48482202869
L1,21616.3657500801,12566590.4487265-261959.03155533i,4500,1,4.0495598437233e+15,1,2.66154289617416e+16,1,0.0171094070144967,1,5426.48482202869
L1,21616.3657500801,13130616.8450975-273835.464475031i,4600,1,4.13959066693663e+15,1,2.78120271945689e+16,1,0.0496433214951237,1,5426.48482202869
L1,21616.3657500801,13131542.4062009-273724.671311608i,4600,1,4.13958105858948e+15,1,2.78118968323903e+16,1,0.033750309614697,1,5426.48482202869
L1,21616.3657500801,13707716.0847318-285701.493744978i,4700,1,4.22959242316264e+15,1,2.90345357300506e+16,1,0.0107879633807915,1,5426.48482202869
L1,21616.3657500801,13709110.2903411-285395.243995761i,4700,1,4.22963383257682e+15,1,2.90351029431366e+16,1,0.138413929474426,1,5426.48482202869
L1,21616.3657500801,14297410.1069677-298133.068831565i,4800,1,4.31961826677251e+15,1,3.02836755902314e+16,1,0.0102689302462455,1,5426.48482202869
L1,21616.3657500801,14298067.1058038-297662.34482084i,4800,1,4.3195421498414e+15,1,3.02826069637788e+16,1,0.0708617168034994,1,5426.48482202869
L1,21616.3657500801,14898721.1965192-310542.149346357i,4900,1,4.40950989570206e+15,1,3.15572020348562e+16,1,0.00359285408605227,1,5426.48482202869
L1,21616.3657500801,14900086.3542693-310322.75487081i,4900,1,4.40956488793814e+15,1,3.15579877340476e+16,1,0.0405025568856555,1,5426.48482202869
L1,21616.3657500801,15513478.9392878-323392.782580958i,5000,1,4.49956638760691e+15,1,3.28593656312344e+16,1,0.0117650033800083,1,5426.48482202869
L1,21616.3657500801,15514320.7146059-323554.442720065i,5000,1,4.49953689317422e+15,1,3.28589333680221e+16,1,0.0431703941436578,1,5426.48482202869
L1,21616.3657500801,15632701.2656552-326031.738113463i,4500,1,4.51673629889003e+15,1,3.311062003932e+16,1,0.0180586176053834,1,5426.48482202869
L1,21616.3657500801,15633208.8939067-325860.880469507i,4500,1,4.51676303274466e+15,1,3.31110113006059e+16,1,0.00686377320488897,1,5426.48482202869
L1,21616.3657500801,16335343.9266988-340211.796357525i,4600,1,4.61711882005805e+15,1,3.45987129903312e+16,1,0.0410688786730134,1,5426.48482202869
L1,21616.3657500801,16335692.9267993-340515.222444935i,4600,1,4.6171312361405e+15,1,3.45988983481658e+16,1,0.0536441066102779,1,5426.48482202869
L1,21616.3657500801,16755628.1933725-349574.895021751i,4500,2,4.67610957300324e+15,2,3.54884634287192e+16,2,0.130531560859373,2,5426.48482202869
L1,21616.3657500801,17053159.5294329-355905.346100333i,4700,1,4.71745160929298e+15,1,3.61187531577928e+16,1,0.142126761431219,1,5426.48482202869
L1,21616.3657500801,17053398.2315007-355449.167336785i,4700,1,4.71745329032422e+15,1,3.61187781432055e+16,1,0.00544708764453777,1,5426.48482202869
L1,21616.3657500801,17508157.3765503-364963.322785316i,4600,2,4.77998977773009e+15,2,3.70827363170765e+16,2,0.00311184880674537,2,5426.48482202869
L1,21616.3657500801,17786209.6159695-370494.157808038i,4800,1,4.8178622255217e+15,1,3.76726867878175e+16,1,0.0258401150557869,1,5426.48482202869
L1,21616.3657500801,17786817.7630382-370205.331549092i,4800,1,4.81786962928246e+15,1,3.76728017850635e+16,1,0.0236187208962351,1,5426.48482202869
L1,21616.3657500801,18277526.1320527-381048.612946304i,4700,2,4.8838597554807e+15,2,3.87118749228081e+16,2,0.0661070687499168,2,5426.48482202869
L1,21616.3657500801,18535054.8008394-386315.884210981i,4900,1,4.91823355873715e+15,1,3.92587203477357e+16,1,0.00962733058973946,1,5426.48482202869
L1,21616.3657500801,18535316.4811034-386646.387840933i,4900,1,4.9181938503255e+15,1,3.92580856013707e+16,1,0.0834021960243753,1,5426.48482202869
L1,21616.3657500801,19063775.2902022-397243.132261653i,4800,2,4.98781404918374e+15,2,4.03773995764269e+16,2,0.00360438798372952,2,5426.48482202869
L1,21616.3657500801,19299490.8736817-402209.427340243i,5000,1,5.01860276650052e+15,1,4.08774207492397e+16,1,0.00261832946367328,1,5426.48482202869
L1,21616.3657500801,19300196.811635-402240.185359595i,5000,1,5.01862391500398e+15,1,4.08777644111936e+16,1,0.0326762502451346,1,5426.48482202869
L1,21616.3657500801,19865985.524389-414027.769648308i,4900,2,5.09171917499254e+15,2,4.20771894224699e+16,2,0.00246507194192507,2,5426.48482202869
L1,21616.3657500801,20685453.1255696-431060.958111025i,5000,2,5.19562907732457e+15,2,4.38121044786004e+16,2,0.00199403699625771,2,5426.48482202869
L2,21616.3657500802,122.08511891222+0.00141867566946579i,4500,1,56706.6014916204,1,3.45944889936059,1,7.9258778132213e-16,1,22.393384508686
L2,21616.3657500802,127.57225117885-0.00453534675906012i,4600,1,81880.7993117895,1,3.61497090219962,1,7.43962884013765e-16,1,22.393384508686
L2,21616.3657500802,133.181604789966+0.00381231247206868i,4700,1,71897.2786615899,1,3.77390985999746,1,1.47620406687904e-16,1,22.393384508686
L2,21616.3657500802,138.906584041781+0.000823185312919345i,4800,1,68397.5805149395,1,3.93611612998697,1,8.34489197432055e-16,1,22.393384508686
L2,21616.3657500802,144.755232850749-0.000771750903092999i,4900,1,74551.5594993561,1,4.10182908935514,1,7.39626540988658e-16,1,22.393384508686
L2,21616.3657500802,150.723170859321-0.00250650675479976i,5000,1,66153.2153152741,1,4.27098386112396,1,1.09003748619714e-16,1,22.393384508686
L2,21616.3657500802,-31591.9507096708+104.21122824677i,4500,1,1.20963487289691e+15,1,2.37602407900738e+15,1,0.00171753699032855,1,22.393384508686
L2,21616.3657500802,-31751.1598211511+104.895273374799i,4500,1,1.20962748192986e+15,1,2.37599504373266e+15,1,0.0245031304289274,1,22.393384508686
L2,21616.3657500802,-33011.8244716289+109.378874107548i,4600,1,1.23650784336e+15,1,2.48276715322648e+15,1,0.0219507310392033,1,22.393384508686
L2,21616.3657500802,-33177.6214253886+109.1378977906i,4600,1,1.23650632550124e+15,1,2.48276105795317e+15,1,0.00873623613020448,1,22.393384508686
L2,21616.3657500802,-34463.2074106929+113.976911587031i,4700,1,1.26340613279086e+15,1,2.59195944141066e+15,1,0.0115786140148772,1,22.393384508686
L2,21616.3657500802,-34636.37124268+113.423954304781i,4700,1,1.26339110295453e+15,1,2.59189777251699e+15,1,0.000406831060339938,1,22.393384508686
L2,21616.3657500802,-35944.3762055993+119.220442350754i,4800,1,1.29027389209917e+15,1,2.70337354457076e+15,1,0.00605940924442288,1,22.393384508686
L2,21616.3657500802,-36125.6057559841+119.032058761411i,4800,1,1.29027593614705e+15,1,2.70338210997617e+15,1,0.00676727943851686,1,22.393384508686
L2,21616.3657500802,-37457.2860878329+122.879812606325i,4900,1,1.31714367367274e+15,1,2.81714071664665e+15,1,0.000454178279349696,1,22.393384508686
L2,21616.3657500802,-37646.0396794371+124.497379668533i,4900,1,1.31714706454778e+15,1,2.81715522175152e+15,1,0.0168647745997277,1,22.393384508686
L2,21616.3657500802,-39002.1371513821+130.046178166779i,5000,1,1.34404365143501e+15,1,2.93338446548373e+15,1,0.00644099085008262,1,22.393384508686
L2,21616.3657500802,-39198.5654441354+128.752292289781i,5000,1,1.3440297134682e+15,1,2.93332362644877e+15,1,0.00393132865751324,1,22.393384508686
L2,21616.3657500802,-118393.223948224+389.478488235193i,4500,2,2.33680452220557e+15,2,8.86721030694446e+15,2,0.0229485942408341,2,22.393384508686
L2,21616.3657500802,-118673.438768986+388.63379720622i,4500,1,2.33685274093886e+15,1,8.86757625123324e+15,1,0.018796718762562,1,22.393384508686
L2,21616.3657500802,-123711.984020533+406.695328642822i,4600,2,2.38873916347274e+15,2,9.26573125843937e+15,2,0.00504465921697047,2,22.393384508686
L2,21616.3657500802,-124000.782476198+411.334430413747i,4600,1,2.38873773302384e+15,1,9.26572016146044e+15,1,0.0526759827534712,1,22.393384508686
L2,21616.3657500802,-129149.431558804+426.730547055707i,4700,2,2.44066961535415e+15,2,9.67297864777869e+15,2,0.0140586603724178,2,22.393384508686
L2,21616.3657500802,-129451.555722895+426.033715868127i,4700,1,2.4406758932737e+15,1,9.67302840986999e+15,1,0.00639469555235105,1,22.393384508686
L2,21616.3657500802,-134709.230347745+443.597722501822i,4800,2,2.49263637422656e+15,2,1.00892781817227e+16,2,0.0527545604618804,2,22.393384508686
L2,21616.3657500802,-135020.313240047+446.001536804403i,4800,1,2.49263685687865e+15,1,1.00892820890378e+16,1,0.0813889855829552,1,22.393384508686
L2,21616.3657500802,-140377.682837679+462.605616261633i,4900,2,2.54455286558624e+15,2,1.05139327898396e+16,2,0.0596628740642359,2,22.393384508686
L2,21616.3657500802,-140701.578655482+459.659633179516i,4900,1,2.54452047397178e+15,1,1.05136651114144e+16,1,0.00356535509753108,1,22.393384508686
L2,21616.3657500802,-146163.156430946+484.091596969158i,5000,2,2.59646837533339e+15,2,1.0947332644065e+16,2,0.0422863112044123,2,22.393384508686
L2,21616.3657500802,-146503.891793963+480.706213473391i,5000,1,2.59645938374079e+15,1,1.09472568228833e+16,1,0.0458060482656161,1,22.393384508686
L2,21616.3657500802,-237033.704596086+777.161434903272i,4500,1,3.3047947019253e+15,1,1.77350007648456e+16,1,0.00420200727309027,1,22.393384508686
L2,21616.3657500802,-237342.341557764+775.864265510168i,4500,1,3.30474643790923e+15,1,1.77344827563756e+16,1,0.0320206179813279,1,22.393384508686
L2,21616.3657500802,-247674.870385743+815.191443275785i,4600,1,3.37821002921531e+15,1,1.85317116446981e+16,1,0.0605257014900482,1,22.393384508686
L2,21616.3657500802,-248010.055191657+808.828161100872i,4600,1,3.37820296869357e+15,1,1.85316341815749e+16,1,0.00234504077103927,1,22.393384508686
L2,21616.3657500802,-258568.404183693+849.650628242655i,4700,1,3.45167289226325e+15,1,1.93464597309617e+16,1,0.0187859001170574,1,22.393384508686
L2,21616.3657500802,-258911.096926022+849.526990058406i,4700,1,3.45166104852099e+15,1,1.93463269641384e+16,1,0.0146645047038925,1,22.393384508686
L2,21616.3657500802,-269679.930110948+890.111642699083i,4800,1,3.52507390863712e+15,1,2.01780267868914e+16,1,0.134717229958433,1,22.393384508686
L2,21616.3657500802,-270055.696277164+891.326670365996i,4800,1,3.52512721077021e+15,1,2.01786370095407e+16,1,0.0122399513407325,1,22.393384508686
L2,21616.3657500802,-281037.022364584+930.122597714107i,4900,1,3.59854223984724e+15,1,2.10278780515226e+16,1,0.17101530166754,1,22.393384508686
L2,21616.3657500802,-281423.070172609+934.710209021603i,4900,1,3.59858127769279e+15,1,2.10283342848781e+16,1,0.0984302589661176,1,22.393384508686
L2,21616.3657500802,-292622.473849753+961.949500068953i,5000,1,3.67197054299984e+15,1,2.18947815881139e+16,1,0.0914409449422518,1,22.393384508686
L2,21616.3657500802,-293023.232593875+971.710069049174i,5000,1,3.67199868759375e+15,1,2.18951172238531e+16,1,0.228514418391279,1,22.393384508686
L2,21616.3657500802,-355708.934376299+1164.24658974316i,4500,1,4.04748903604969e+15,1,2.66019579158414e+16,1,0.047747480345691,1,22.393384508686
L2,21616.3657500802,-355982.32315419+1173.95922351744i,4500,1,4.04748936752112e+15,1,2.66019622731404e+16,1,0.0907768975220663,1,22.393384508686
L2,21616.3657500802,-371688.250606152+1229.98661440688i,4600,1,4.13745418311085e+15,1,2.77976853821078e+16,1,0.404038881773785,1,22.393384508686
L2,21616.3657500802,-371970.026030888+1224.21590831517i,4600,1,4.1374503844063e+15,1,2.7797634338695e+16,1,0.0287194807938581,1,22.393384508686
L2,21616.3657500802,-388021.692994643+1277.17637229055i,4700,1,4.22739693927954e+15,1,2.90193912158017e+16,1,0.0858060699433341,1,22.393384508686
L2,21616.3657500802,-388317.701602954+1269.50085634165i,4700,1,4.22738770348734e+15,1,2.90192644160114e+16,1,0.0616076695626635,1,22.393384508686
L2,21616.3657500802,-404711.099576558+1330.36580620212i,4800,1,4.31734035649032e+15,1,3.0267379012917e+16,1,0.0584450106348249,1,22.393384508686
L2,21616.3657500802,-405030.224432316+1329.48431562625i,4800,1,4.31733902864617e+15,1,3.02673603948679e+16,1,0.0215210800042359,1,22.393384508686
L2,21616.3657500802,-421743.398773922+1387.22087698167i,4900,1,4.40728267981846e+15,1,3.15416242335134e+16,1,0.0472254638453514,1,22.393384508686
L2,21616.3657500802,-422080.285093521+1384.97495125951i,4900,1,4.40729242930908e+15,1,3.1541763782346e+16,1,0.00340655771844833,1,22.393384508686
L2,21616.3657500802,-439138.214096011+1441.4998012306i,5000,1,4.49722046533365e+15,1,3.28420756191746e+16,1,0.0929844863468849,1,22.393384508686
L2,21616.3657500802,-439482.865466517+1434.29354334579i,5000,1,4.4972243098591e+15,1,3.28421317705075e+16,1,0.00114263848273918,1,22.393384508686
L2,21616.3657500802,-442619.355283255+1456.41806293242i,4500,1,4.51441264880376e+15,1,3.30936560053262e+16,1,0.226694075404229,1,22.393384508686
L2,21616.3657500802,-442783.617297051+1455.904385141i,4500,1,4.51439688244189e+15,1,3.30934248499807e+16,1,0.0680728976619307,1,22.393384508686
L2,21616.3657500802,-462518.769029918+1525.33979937416i,4600,1,4.61473216010594e+15,1,3.4580816170465e+16,1,0.335422701498881,1,22.393384508686
L2,21616.3657500802,-462670.231715103+1511.68406657132i,4600,1,4.61470830968884e+15,1,3.45804587220437e+16,1,0.0283938233541061,1,22.393384508686
L2,21616.3657500802,-474498.027742066+1560.11837063013i,4500,1,4.67365199861033e+15,1,3.54694932047456e+16,1,0.0880335019826218,1,22.393384508686
L2,21616.3657500802,-482845.516444132+1583.92177376869i,4700,1,4.71504133015217e+15,1,3.61005025715195e+16,1,0.00400556361500559,1,22.393384508686
L2,21616.3657500802,-483020.363625781+1583.32801276762i,4700,1,4.71506039016451e+15,1,3.61007944363437e+16,1,0.0645711570505343,1,22.393384508686
L2,21616.3657500802,-495813.741162236+1635.78073102895i,4600,1,4.77750314907846e+15,1,3.70633101673996e+16,1,0.0485825341277496,1,22.393384508686
L2,21616.3657500802,-503602.969307896+1657.93090714597i,4800,1,4.81536305403946e+15,1,3.7653063150927e+16,1,0.165366911881266,1,22.393384508686
L2,21616.3657500802,-503787.43704774+1653.15791291799i,4800,1,4.81535052256257e+15,1,3.76528671749768e+16,1,0.166729841845763,1,22.393384508686
L2,21616.3657500802,-517610.5038516+1703.22047887063i,4700,1,4.88136132254279e+15,1,3.86922648139914e+16,1,0.103999826026075,1,22.393384508686
L2,21616.3657500802,-524818.419817593+1729.8278069831i,4900,1,4.9157221967566e+15,1,3.92389071392082e+16,1,0.0531404051010592,1,22.393384508686
L2,21616.3657500802,-524994.322763783+1724.49665091453i,4900,1,4.91565935805739e+15,1,3.92379039476086e+16,1,0.0138756689158585,1,22.393384508686
L2,21616.3657500802,-539861.410934224+1770.45051344545i,4800,1,4.98521941526059e+15,1,4.03562492389638e+16,1,0.0303879097773657,1,22.393384508686
L2,21616.3657500802,-546440.453929977+1799.88504569629i,5000,1,5.01600430066322e+15,1,4.0856206549737e+16,1,0.0479966844297445,1,22.393384508686
L2,21616.3657500802,-546651.196758194+1794.0028956687i,5000,1,5.01600772496746e+15,1,4.08562623329097e+16,1,0.15288756741307,1,22.393384508686
L2,21616.3657500802,-562598.974075+1852.2104645644i,4900,1,5.0890871269222e+15,1,4.20554236738642e+16,1,0.147638257570191,1,22.393384508686
L2,21616.3657500802,-585801.11217416+1926.28592019139i,5000,1,5.19297484546696e+15,1,4.37899730461564e+16,1,0.0813824753287671,1,22.393384508686
L3,21616.3657500801,-69.7552411380551+0.00201524606705823i,4500,1,91308899.5958446,1,0.230695377078551,1,5.20905844883944e-16,1,5426.48482202869
L3,21616.3657500801,-72.8945943732102+0.00423728808080388i,4600,1,93325813.2384867,1,0.241064389033933,1,2.49530425759497e-16,1,5426.48482202869
L3,21616.3657500801,-76.0943071992419+0.00349540437032526i,4700,1,95366865.8792847,1,0.251655211184516,1,2.90038443433081e-17,1,5426.48482202869
L3,21616.3657500801,-79.3669557904936+0.00333953636241614i,4800,1,97380231.8782645,1,0.262474062283871,1,8.98802237012356e-17,1,5426.48482202869
L3,21616.3657500801,-82.7086918881327+0.00384787281324735i,4900,1,99415989.0410925,1,0.273535756898947,1,1.79611624352723e-16,1,5426.48482202869
L3,21616.3657500801,-86.1184355836566+0.00278421516615347i,5000,1,102315210.69249,1,0.286532680359619,1,2.95500207261171e-15,1,5426.48482202869
L3,21616.3657500801,1314428.10195238+7122.12564421206i,4500,1,1.2105211898333e+15,1,2.37774369010889e+15,1,0.00035180547031001,1,5426.48482202869
L3,21616.3657500801,1315648.46567282+7151.84717769375i,4500,1,1.21053017729146e+15,1,2.37777969014828e+15,1,0.0010411641495088,1,5426.48482202869
L3,21616.3657500801,1373523.01083055+7485.95071601195i,4600,1,1.23742906590242e+15,1,2.48462511942108e+15,1,0.000294593970342603,1,5426.48482202869
L3,21616.3657500801,1374767.63491239+7462.51646592353i,4600,1,1.23742772788501e+15,1,2.48462047037043e+15,1,0.00307116859529414,1,5426.48482202869
L3,21616.3657500801,1433872.78794275+7826.77611237765i,4700,1,1.26433025627055e+15,1,2.59382879854479e+15,1,0.000926443573040116,1,5426.48482202869
L3,21616.3657500801,1435207.18603486+7796.11663832348i,4700,1,1.26433080802986e+15,1,2.59383181843906e+15,1,0.000642304612323126,1,5426.48482202869
L3,21616.3657500801,1495505.38695069+8100.48936198856i,4800,1,1.29122560662481e+15,1,2.70535652030727e+15,1,0.0011094444145612,1,5426.48482202869
L3,21616.3657500801,1496919.68109255+8137.01590988124i,4800,1,1.29123400279174e+15,1,2.70539249192189e+15,1,2.96173184821074e-05,1,5426.48482202869
L3,21616.3657500801,1558506.67193927+8479.39487541298i,4900,1,1.31813125550386e+15,1,2.81927579058159e+15,1,0.00010730369006098,1,5426.48482202869
L3,21616.3657500801,1559937.08133668+8473.5542388686i,4900,1,1.31813015089572e+15,1,2.81927188710399e+15,1,0.000605442278761323,1,5426.48482202869
L3,21616.3657500801,1622759.66764485+8822.24726440656i,5000,1,1.34502431690076e+15,1,2.93548940973558e+15,1,0.000571809644138172,1,5426.48482202869
L3,21616.3657500801,1624264.26330668+8836.18070099967i,5000,1,1.3450339754576e+15,1,2.93553242465332e+15,1,0.000289519079498986,1,5426.48482202869
L3,21616.3657500801,4906939.95148226+26701.647256597i,4500,2,2.33856617512974e+15,2,8.87400373638479e+15,2,0.000622343163683013,2,5426.48482202869
L3,21616.3657500801,4908995.44807701+26673.3891579904i,4500,1,2.33855790722299e+15,1,8.87394218938066e+15,1,0.00504889390940829,1,5426.48482202869
L3,21616.3657500801,5127562.81549026+27886.8980697239i,4600,2,2.39053680001199e+15,2,9.27280542553596e+15,2,0.00368945039871197,2,5426.48482202869
L3,21616.3657500801,5129700.52966106+27921.9845885837i,4600,1,2.39054355831405e+15,1,9.27285911023273e+15,1,0.0189693363607803,1,5426.48482202869
L3,21616.3657500801,5352921.11976355+29170.5884656012i,4700,2,2.44252051328445e+15,2,9.68047614844478e+15,2,0.00404143469402377,2,5426.48482202869
L3,21616.3657500801,5355026.17833063+29165.2613765332i,4700,1,2.44248849688985e+15,1,9.68022367742328e+15,1,0.0117084794952764,1,5426.48482202869
L3,21616.3657500801,5582960.47473523+30400.0788890911i,4800,2,2.49445461603776e+15,2,1.00965149646514e+16,2,0.00844989983510648,2,5426.48482202869
L3,21616.3657500801,5585409.38054664+30476.1797079993i,4800,1,2.49446951647578e+15,1,1.00966369522424e+16,1,0.00710648929637928,1,5426.48482202869
L3,21616.3657500801,5818082.98795714+31652.795501257i,4900,2,2.54643154427129e+15,2,1.05216606531322e+16,2,0.00167554373575656,2,5426.48482202869
L3,21616.3657500801,5820523.00274948+31637.5774212025i,4900,1,2.54643692566022e+15,1,1.05217065473265e+16,1,0.000479642788908227,1,5426.48482202869
L3,21616.3657500801,6058035.11599329+32969.9122041431i,5000,2,2.59841685253147e+15,2,1.0955644420121e+16,2,0.00223225403231506,2,5426.48482202869
L3,21616.3657500801,6060468.04607895+32914.318380008i,5000,1,2.59839432743714e+15,1,1.09554559587455e+16,1,0.00142591473288336,1,5426.48482202869
L3,21616.3657500801,9814904.28000936+53204.2302077741i,4500,1,3.30720493333461e+15,1,1.77477174640659e+16,1,0.0175632506730495,1,5426.48482202869
L3,21616.3657500801,9817372.88112275+53219.9627285516i,4500,1,3.30724200074602e+15,1,1.77481166878351e+16,1,0.0222415531089367,1,5426.48482202869
L3,21616.3657500801,10256146.0592616+55572.5916470126i,4600,1,3.38075817374608e+15,1,1.85459252712498e+16,1,0.000391675683781672,1,5426.48482202869
L3,21616.3657500801,10258525.001326+55885.6533673433i,4600,1,3.38074095714911e+15,1,1.85457378287888e+16,1,0.0278470459179497,1,5426.48482202869
L3,21616.3657500801,10706694.9717627+58250.3197251824i,4700,1,3.45419321136911e+15,1,1.93603651745914e+16,1,0.00059651449277499,1,5426.48482202869
L3,21616.3657500801,10709176.6931172+58381.1316714807i,4700,1,3.45419340350596e+15,1,1.93603688403886e+16,1,0.0146521410073572,1,5426.48482202869
L3,21616.3657500801,11166804.641369+60451.6740040445i,4800,1,3.5276496317626e+15,1,2.01925506316038e+16,1,0.065412489354766,1,5426.48482202869
L3,21616.3657500801,11169979.5711023+60632.9883267147i,4800,1,3.52771625725582e+15,1,2.01933149550322e+16,1,0.030432625654293,1,5426.48482202869
L3,21616.3657500801,11637087.8071413+63121.142631759i,4900,1,3.60119794529428e+15,1,2.1043320969673e+16,1,0.0325126666090987,1,5426.48482202869
L3,21616.3657500801,11640147.0301495+63285.9686150938i,4900,1,3.60119487443145e+15,1,2.10432867242971e+16,1,0.0166738315137711,1,5426.48482202869
L3,21616.3657500801,12117139.2719327+66013.6862180246i,5000,1,3.67468711281505e+15,1,2.19109407596048e+16,1,0.0253754603293887,1,5426.48482202869
L3,21616.3657500801,12120073.2791492+66168.7146958091i,5000,1,3.67469609978113e+15,1,2.19110496433976e+16,1,0.00179060056212311,1,5426.48482202869
L3,21616.3657500801,14722770.2499273+80388.7162435976i,4500,1,4.0504816989933e+15,1,2.66215689883296e+16,1,0.0588857420337145,1,5426.48482202869
L3,21616.3657500801,14725111.3250473+80353.7220294946i,4500,1,4.05049037950048e+15,1,2.66216842930722e+16,1,0.0278619210727602,1,5426.48482202869
L3,21616.3657500801,15384948.9823231+83287.7121670042i,4600,1,4.14052560228046e+15,1,2.78183423809816e+16,1,0.0239377345805152,1,5426.48482202869
L3,21616.3657500801,15387034.4490486+83483.0408502872i,4600,1,4.14051866279102e+15,1,2.78182503886558e+16,1,0.0674785565275811,1,5426.48482202869
L3,21616.3657500801,16061054.1871795+87715.6184904819i,4700,1,4.23054414823051e+15,1,2.90410799422465e+16,1,0.0455673169514451,1,5426.48482202869
L3,21616.3657500801,16063075.6692477+87035.9380698564i,4700,1,4.23052945458248e+15,1,2.90408795192629e+16,1,0.0119744388290849,1,5426.48482202869
L3,21616.3657500801,16751609.7096613+91167.9928871447i,4800,1,4.32053827795449e+15,1,3.02897726442578e+16,1,0.0265148893362004,1,5426.48482202869
L3,21616.3657500801,16753805.4007535+90735.4427806876i,4800,1,4.32054409128645e+15,1,3.02898555204637e+16,1,0.102783209819691,1,5426.48482202869
L3,21616.3657500801,17456494.7371212+94478.922637484i,4900,1,4.4105171340059e+15,1,3.15645299546962e+16,1,0.0314424782784235,1,5426.48482202869
L3,21616.3657500801,17459399.9531325+94936.911764452i,4900,1,4.41055516664804e+15,1,3.15650757528319e+16,1,0.00522842045326948,1,5426.48482202869
L3,21616.3657500801,18176647.5518707+98806.2800067937i,5000,1,4.50057246282817e+15,1,3.2866678487269e+16,1,0.00501807276723615,1,5426.48482202869
L3,21616.3657500801,18179156.9480614+98650.2474583272i,5000,1,4.50055327290234e+15,1,3.28663996902453e+16,1,0.0299576468247339,1,5426.48482202869
L3,21616.3657500801,18316392.2511187+99863.763684696i,4500,1,4.51772015944949e+15,1,3.3117607631905e+16,1,0.0145255087409491,1,5426.48482202869
L3,21616.3657500801,18317661.0188906+99151.5427335188i,4500,1,4.51775098293722e+15,1,3.31180602357998e+16,1,0.0425195467759439,1,5426.48482202869
L3,21616.3657500801,19139851.9034352+103059.820612282i,4600,1,4.61817973768614e+15,1,3.46068417843977e+16,1,0.0557652753414829,1,5426.48482202869
L3,21616.3657500801,19139946.7182937+104864.137909607i,4600,1,4.61806281122818e+15,1,3.46050901281254e+16,1,0.0730570118311075,1,5426.48482202869
L3,21616.3657500801,19632363.1363616+107003.357497641i,4500,1,4.67714293320038e+15,1,3.54961779797313e+16,1,0.0238934678497451,1,5426.48482202869
L3,21616.3657500801,19981039.645941+108631.740405185i,4700,1,4.71855689374081e+15,1,3.61275654335948e+16,1,0.000574257263723671,1,5426.48482202869
L3,21616.3657500801,19982123.2580727+109226.437493881i,4700,1,4.71850884808997e+15,1,3.61268304717076e+16,1,0.186762816347088,1,5426.48482202869
L3,21616.3657500801,20515185.9292354+111370.538888946i,4600,1,4.78113431343673e+15,1,3.70921662369091e+16,1,0.0362334374452156,1,5426.48482202869
L3,21616.3657500801,20840194.39631+112584.020968024i,4800,1,4.81896395459148e+15,1,3.76814546730891e+16,1,0.288871230598012,1,5426.48482202869
L3,21616.3657500801,20840916.8173914+114171.519890733i,4800,1,4.81887232006071e+15,1,3.76800224194327e+16,1,0.104982127784938,1,5426.48482202869
L3,21616.3657500801,21415826.3089596+115853.715186995i,4700,1,4.88497636565615e+15,1,3.87208821333897e+16,1,0.290680544626427,1,5426.48482202869
L3,21616.3657500801,21717478.8615551+118110.750885796i,4900,1,4.9193429196438e+15,1,3.92676127756255e+16,1,0.00737875499511095,1,5426.48482202869
L3,21616.3657500801,21718340.8348708+118680.650805097i,4900,1,4.91927790103856e+15,1,3.92665756099165e+16,1,0.00810731586196608,1,5426.48482202869
L3,21616.3657500801,22337280.0900536+121136.836451678i,4800,1,4.98895345583643e+15,1,4.0386778590795e+16,1,0.052240425776873,1,5426.48482202869
L3,21616.3657500801,22612831.5961457+122316.634067412i,5000,1,5.01970666016245e+15,1,4.08862219604923e+16,1,0.0848199630422525,1,5426.48482202869
L3,21616.3657500801,22614278.3971948+122738.218079864i,5000,1,5.01972981121791e+15,1,4.08865999542156e+16,1,0.122693338094065,1,5426.48482202869
L3,21616.3657500801,23276947.5100966+127498.904460526i,4900,1,5.0928258940471e+15,1,4.20860307218963e+16,1,0.0593249942569987,1,5426.48482202869
L3,21616.3657500801,24236671.8302695+131648.938307886i,5000,1,5.19675121178861e+15,1,4.38211893974043e+16,1,0.0163866720078074,1,5426.48482202869
